,CRN,Course Code,Course Title,Teaching Method,Instructor,Building,Day,Time,Room,Capacity,Enrolled,Reservation Maj./Cap./Enrl.,Major Restriction,Prerequisites,Credit/Class Resc.
0,20780,BEB 101,Temel Yüzme Becerisi Öğrenimi,Physical (Face to face),Burak Gönültaş,HVZ,Wednesday,10:30/12:29,--,12,4,-,"BIO_LS, BLG_LS, BST_LS, CAB_3T_LS, CAB_4T_LS, CAB_BG_LS, CAB_DL_LS, CAB_DS_LS, CAB_KA_LS, CAB_KE_LS, CAB_KL_LS, CAB_KM_LS, CAB_KO_LS, CAB_LS, CAB_ME_LS, CAB_NE_LS, CAB_TN_LS, CAB_UD_LS, CAB_VC_LS, CAB_VI_LS, CAB_VS_LS, CEB_LS, CEV_LS, CHZ_LS, DEN_LS, EHB_LS, ELE_LS, ELH_LS, ELK_LS, END_LS, ENT_LS, EUT_LS, FIZ_LS, GEM_LS, GEO_LS, GID_LS, HTA_LS, HTAE_LS, IBM_LS, ICM_LS, IML_LS, INS_LS, ISL_LS, JEF_LS, KIM_LS, KMM_LS, KMP_LS, KOM_LS, KON_LS, MAD_LS, MAK_LS, MAT_LS, MET_LS, MIM_LS, MTO_LS, MTR_LS, MUT_LS, MUZ_LS, MZT_LS, PEM_LS, PET_LS, PETE_LS, ROS_LS, ROSE_LS, SBP_LS, SECE_LS, SES_LS, SES_TH_LS, SES_TS_LS, TEB_LS, TEK_LS, TEL_LS, THO_LS, UCK_LS, UZB_LS, VBAE_LS",-,-
1,20781,BEB 101,Temel Yüzme Becerisi Öğrenimi,Physical (Face to face),Burak Gönültaş,HVZ,Wednesday,13:30/15:29,--,12,11,-,"BIO_LS, BLG_LS, BST_LS, CAB_3T_LS, CAB_4T_LS, CAB_BG_LS, CAB_DL_LS, CAB_DS_LS, CAB_KA_LS, CAB_KE_LS, CAB_KL_LS, CAB_KM_LS, CAB_KO_LS, CAB_LS, CAB_ME_LS, CAB_NE_LS, CAB_TN_LS, CAB_UD_LS, CAB_VC_LS, CAB_VI_LS, CAB_VS_LS, CEB_LS, CEV_LS, CHZ_LS, DEN_LS, EHB_LS, ELE_LS, ELH_LS, ELK_LS, END_LS, ENT_LS, EUT_LS, FIZ_LS, GEM_LS, GEO_LS, GID_LS, HTA_LS, HTAE_LS, IBM_LS, ICM_LS, IML_LS, INS_LS, ISL_LS, JEF_LS, KIM_LS, KMM_LS, KMP_LS, KOM_LS, KON_LS, MAD_LS, MAK_LS, MAT_LS, MET_LS, MIM_LS, MTO_LS, MTR_LS, MUT_LS, MUZ_LS, MZT_LS, PEM_LS, PET_LS, PETE_LS, ROS_LS, ROSE_LS, SBP_LS, SECE_LS, SES_LS, SES_TH_LS, SES_TS_LS, TEB_LS, TEK_LS, TEL_LS, THO_LS, UCK_LS, UZB_LS, VBAE_LS",-,-
2,20765,BEB 102,Yüzme Teknikleri Becerisi Öğr.,Physical (Face to face),Damla Ercan Köse,HVZ,Friday,08:30/10:29,--,12,7,-,"BIO_LS, BLG_LS, BST_LS, CAB_3T_LS, CAB_4T_LS, CAB_BG_LS, CAB_DL_LS, CAB_DS_LS, CAB_KA_LS, CAB_KE_LS, CAB_KL_LS, CAB_KM_LS, CAB_KO_LS, CAB_LS, CAB_ME_LS, CAB_NE_LS, CAB_TN_LS, CAB_UD_LS, CAB_VC_LS, CAB_VI_LS, CAB_VS_LS, CEB_LS, CEV_LS, CHZ_LS, DEN_LS, EHB_LS, ELE_LS, ELH_LS, ELK_LS, END_LS, ENT_LS, EUT_LS, FIZ_LS, GEM_LS, GEO_LS, GID_LS, HTA_LS, HTAE_LS, IBM_LS, ICM_LS, IML_LS, INS_LS, ISL_LS, JEF_LS, KIM_LS, KMM_LS, KMP_LS, KOM_LS, KON_LS, MAD_LS, MAK_LS, MAT_LS, MET_LS, MIM_LS, MTO_LS, MTR_LS, MUT_LS, MUZ_LS, MZT_LS, PEM_LS, PET_LS, PETE_LS, ROS_LS, ROSE_LS, SBP_LS, SECE_LS, SES_LS, SES_TH_LS, SES_TS_LS, TEB_LS, TEK_LS, TEL_LS, THO_LS, UCK_LS, UZB_LS, VBAE_LS",-,-
3,20766,BEB 102,Yüzme Teknikleri Becerisi Öğr.,Physical (Face to face),Damla Ercan Köse,HVZ,Friday,14:00/15:59,--,12,11,-,"BIO_LS, BLG_LS, BST_LS, CAB_3T_LS, CAB_4T_LS, CAB_BG_LS, CAB_DL_LS, CAB_DS_LS, CAB_KA_LS, CAB_KE_LS, CAB_KL_LS, CAB_KM_LS, CAB_KO_LS, CAB_LS, CAB_ME_LS, CAB_NE_LS, CAB_TN_LS, CAB_UD_LS, CAB_VC_LS, CAB_VI_LS, CAB_VS_LS, CEB_LS, CEV_LS, CHZ_LS, DEN_LS, EHB_LS, ELE_LS, ELH_LS, ELK_LS, END_LS, ENT_LS, EUT_LS, FIZ_LS, GEM_LS, GEO_LS, GID_LS, HTA_LS, HTAE_LS, IBM_LS, ICM_LS, IML_LS, INS_LS, ISL_LS, JEF_LS, KIM_LS, KMM_LS, KMP_LS, KOM_LS, KON_LS, MAD_LS, MAK_LS, MAT_LS, MET_LS, MIM_LS, MTO_LS, MTR_LS, MUT_LS, MUZ_LS, MZT_LS, PEM_LS, PET_LS, PETE_LS, ROS_LS, ROSE_LS, SBP_LS, SECE_LS, SES_LS, SES_TH_LS, SES_TS_LS, TEB_LS, TEK_LS, TEL_LS, THO_LS, UCK_LS, UZB_LS, VBAE_LS",-,-
4,20779,BEB 102,Yüzme Teknikleri Becerisi Öğr.,Physical (Face to face),Burak Gönültaş,HVZ,Tuesday,15:30/17:29,--,12,8,-,"BIO_LS, BLG_LS, BST_LS, CAB_3T_LS, CAB_4T_LS, CAB_BG_LS, CAB_DL_LS, CAB_DS_LS, CAB_KA_LS, CAB_KE_LS, CAB_KL_LS, CAB_KM_LS, CAB_KO_LS, CAB_LS, CAB_ME_LS, CAB_NE_LS, CAB_TN_LS, CAB_UD_LS, CAB_VC_LS, CAB_VI_LS, CAB_VS_LS, CEB_LS, CEV_LS, CHZ_LS, DEN_LS, EHB_LS, ELE_LS, ELH_LS, ELK_LS, END_LS, ENT_LS, EUT_LS, FIZ_LS, GEM_LS, GEO_LS, GID_LS, HTA_LS, HTAE_LS, IBM_LS, ICM_LS, IML_LS, INS_LS, ISL_LS, JEF_LS, KIM_LS, KMM_LS, KMP_LS, KOM_LS, KON_LS, MAD_LS, MAK_LS, MAT_LS, MET_LS, MIM_LS, MTO_LS, MTR_LS, MUT_LS, MUZ_LS, MZT_LS, PEM_LS, PET_LS, PETE_LS, ROS_LS, ROSE_LS, SBP_LS, SECE_LS, SES_LS, SES_TH_LS, SES_TS_LS, TEB_LS, TEK_LS, TEL_LS, THO_LS, UCK_LS, UZB_LS, VBAE_LS",-,-
5,20783,BEB 102,Yüzme Teknikleri Becerisi Öğr.,Physical (Face to face),-,HVZ,Tuesday,08:30/10:29,--,0,0,-,"BIO_LS, BLG_LS, BST_LS, CAB_3T_LS, CAB_4T_LS, CAB_BG_LS, CAB_DL_LS, CAB_DS_LS, CAB_KA_LS, CAB_KE_LS, CAB_KL_LS, CAB_KM_LS, CAB_KO_LS, CAB_LS, CAB_ME_LS, CAB_NE_LS, CAB_TN_LS, CAB_UD_LS, CAB_VC_LS, CAB_VI_LS, CAB_VS_LS, CEB_LS, CEV_LS, CHZ_LS, DEN_LS, EHB_LS, ELE_LS, ELH_LS, ELK_LS, END_LS, ENT_LS, EUT_LS, FIZ_LS, GEM_LS, GEO_LS, GID_LS, HTA_LS, HTAE_LS, IBM_LS, ICM_LS, IML_LS, INS_LS, ISL_LS, JEF_LS, KIM_LS, KMM_LS, KMP_LS, KOM_LS, KON_LS, MAD_LS, MAK_LS, MAT_LS, MET_LS, MIM_LS, MTO_LS, MTR_LS, MUT_LS, MUZ_LS, MZT_LS, PEM_LS, PET_LS, PETE_LS, ROS_LS, ROSE_LS, SBP_LS, SECE_LS, SES_LS, SES_TH_LS, SES_TS_LS, TEB_LS, TEK_LS, TEL_LS, THO_LS, UCK_LS, UZB_LS, VBAE_LS",-,-
6,20784,BEB 102,Yüzme Teknikleri Becerisi Öğr.,Physical (Face to face),-,HVZ,Wednesday,08:30/10:29,--,0,0,-,"BIO_LS, BLG_LS, BST_LS, CAB_3T_LS, CAB_4T_LS, CAB_BG_LS, CAB_DL_LS, CAB_DS_LS, CAB_KA_LS, CAB_KE_LS, CAB_KL_LS, CAB_KM_LS, CAB_KO_LS, CAB_LS, CAB_ME_LS, CAB_NE_LS, CAB_TN_LS, CAB_UD_LS, CAB_VC_LS, CAB_VI_LS, CAB_VS_LS, CEB_LS, CEV_LS, CHZ_LS, DEN_LS, EHB_LS, ELE_LS, ELH_LS, ELK_LS, END_LS, ENT_LS, EUT_LS, FIZ_LS, GEM_LS, GEO_LS, GID_LS, HTA_LS, HTAE_LS, IBM_LS, ICM_LS, IML_LS, INS_LS, ISL_LS, JEF_LS, KIM_LS, KMM_LS, KMP_LS, KOM_LS, KON_LS, MAD_LS, MAK_LS, MAT_LS, MET_LS, MIM_LS, MTO_LS, MTR_LS, MUT_LS, MUZ_LS, MZT_LS, PEM_LS, PET_LS, PETE_LS, ROS_LS, ROSE_LS, SBP_LS, SECE_LS, SES_LS, SES_TH_LS, SES_TS_LS, TEB_LS, TEK_LS, TEL_LS, THO_LS, UCK_LS, UZB_LS, VBAE_LS",-,-
7,20759,BEB 103,Voleybolda Tem.Eğt. ve Bec.Kaz,Physical (Face to face),-,SLN-M,Friday,08:30/10:29,--,0,0,-,"BIO_LS, BLG_LS, BST_LS, CAB_3T_LS, CAB_4T_LS, CAB_BG_LS, CAB_DL_LS, CAB_DS_LS, CAB_KA_LS, CAB_KE_LS, CAB_KL_LS, CAB_KM_LS, CAB_KO_LS, CAB_LS, CAB_ME_LS, CAB_NE_LS, CAB_TN_LS, CAB_UD_LS, CAB_VC_LS, CAB_VI_LS, CAB_VS_LS, CEB_LS, CEV_LS, CHZ_LS, DEN_LS, EHB_LS, ELE_LS, ELH_LS, ELK_LS, END_LS, ENT_LS, EUT_LS, FIZ_LS, GEM_LS, GEO_LS, GID_LS, HTA_LS, HTAE_LS, IBM_LS, ICM_LS, IML_LS, INS_LS, ISL_LS, JEF_LS, KIM_LS, KMM_LS, KMP_LS, KOM_LS, KON_LS, MAD_LS, MAK_LS, MAT_LS, MET_LS, MIM_LS, MTO_LS, MTR_LS, MUT_LS, MUZ_LS, MZT_LS, PEM_LS, PET_LS, PETE_LS, ROS_LS, ROSE_LS, SBP_LS, SECE_LS, SES_LS, SES_TH_LS, SES_TS_LS, TEB_LS, TEK_LS, TEL_LS, THO_LS, UCK_LS, UZB_LS, VBAE_LS",-,-
8,20760,BEB 103,Voleybolda Tem.Eğt. ve Bec.Kaz,Physical (Face to face),Serra Ayşe Çakar Saka,SLN-M,Friday,10:30/12:29,--,25,19,-,"BIO_LS, BLG_LS, BST_LS, CAB_3T_LS, CAB_4T_LS, CAB_BG_LS, CAB_DL_LS, CAB_DS_LS, CAB_KA_LS, CAB_KE_LS, CAB_KL_LS, CAB_KM_LS, CAB_KO_LS, CAB_LS, CAB_ME_LS, CAB_NE_LS, CAB_TN_LS, CAB_UD_LS, CAB_VC_LS, CAB_VI_LS, CAB_VS_LS, CEB_LS, CEV_LS, CHZ_LS, DEN_LS, EHB_LS, ELE_LS, ELH_LS, ELK_LS, END_LS, ENT_LS, EUT_LS, FIZ_LS, GEM_LS, GEO_LS, GID_LS, HTA_LS, HTAE_LS, IBM_LS, ICM_LS, IML_LS, INS_LS, ISL_LS, JEF_LS, KIM_LS, KMM_LS, KMP_LS, KOM_LS, KON_LS, MAD_LS, MAK_LS, MAT_LS, MET_LS, MIM_LS, MTO_LS, MTR_LS, MUT_LS, MUZ_LS, MZT_LS, PEM_LS, PET_LS, PETE_LS, ROS_LS, ROSE_LS, SBP_LS, SECE_LS, SES_LS, SES_TH_LS, SES_TS_LS, TEB_LS, TEK_LS, TEL_LS, THO_LS, UCK_LS, UZB_LS, VBAE_LS",-,-
9,20746,BEB 104,Tenis Teknik ve Taktik Eğitim,Physical (Face to face),Aylin Öztürk,KORT,Tuesday,13:30/15:29,--,14,14,-,"BIO_LS, BLG_LS, BST_LS, CAB_3T_LS, CAB_4T_LS, CAB_BG_LS, CAB_DL_LS, CAB_DS_LS, CAB_KA_LS, CAB_KE_LS, CAB_KL_LS, CAB_KM_LS, CAB_KO_LS, CAB_LS, CAB_ME_LS, CAB_NE_LS, CAB_TN_LS, CAB_UD_LS, CAB_VC_LS, CAB_VI_LS, CAB_VS_LS, CEB_LS, CEV_LS, CHZ_LS, DEN_LS, EHB_LS, ELE_LS, ELH_LS, ELK_LS, END_LS, ENT_LS, EUT_LS, FIZ_LS, GEM_LS, GEO_LS, GID_LS, HTA_LS, HTAE_LS, IBM_LS, ICM_LS, IML_LS, INS_LS, ISL_LS, JEF_LS, KIM_LS, KMM_LS, KMP_LS, KOM_LS, KON_LS, MAD_LS, MAK_LS, MAT_LS, MET_LS, MIM_LS, MTO_LS, MTR_LS, MUT_LS, MUZ_LS, MZT_LS, PEM_LS, PET_LS, PETE_LS, ROS_LS, ROSE_LS, SBP_LS, SECE_LS, SES_LS, SES_TH_LS, SES_TS_LS, TEB_LS, TEK_LS, TEL_LS, THO_LS, UCK_LS, UZB_LS, VBAE_LS",-,-
10,20747,BEB 104,Tenis Teknik ve Taktik Eğitim,Physical (Face to face),Aylin Öztürk,KORT,Tuesday,15:30/17:29,--,14,14,-,"BIO_LS, BLG_LS, BST_LS, CAB_3T_LS, CAB_4T_LS, CAB_BG_LS, CAB_DL_LS, CAB_DS_LS, CAB_KA_LS, CAB_KE_LS, CAB_KL_LS, CAB_KM_LS, CAB_KO_LS, CAB_LS, CAB_ME_LS, CAB_NE_LS, CAB_TN_LS, CAB_UD_LS, CAB_VC_LS, CAB_VI_LS, CAB_VS_LS, CEB_LS, CEV_LS, CHZ_LS, DEN_LS, EHB_LS, ELE_LS, ELH_LS, ELK_LS, END_LS, ENT_LS, EUT_LS, FIZ_LS, GEM_LS, GEO_LS, GID_LS, HTA_LS, HTAE_LS, IBM_LS, ICM_LS, IML_LS, INS_LS, ISL_LS, JEF_LS, KIM_LS, KMM_LS, KMP_LS, KOM_LS, KON_LS, MAD_LS, MAK_LS, MAT_LS, MET_LS, MIM_LS, MTO_LS, MTR_LS, MUT_LS, MUZ_LS, MZT_LS, PEM_LS, PET_LS, PETE_LS, ROS_LS, ROSE_LS, SBP_LS, SECE_LS, SES_LS, SES_TH_LS, SES_TS_LS, TEB_LS, TEK_LS, TEL_LS, THO_LS, UCK_LS, UZB_LS, VBAE_LS",-,-
11,20749,BEB 104,Tenis Teknik ve Taktik Eğitim,Physical (Face to face),Aylin Öztürk,KORT-G,Thursday,13:30/15:29,--,14,14,-,"BIO_LS, BLG_LS, BST_LS, CAB_3T_LS, CAB_4T_LS, CAB_BG_LS, CAB_DL_LS, CAB_DS_LS, CAB_KA_LS, CAB_KE_LS, CAB_KL_LS, CAB_KM_LS, CAB_KO_LS, CAB_LS, CAB_ME_LS, CAB_NE_LS, CAB_TN_LS, CAB_UD_LS, CAB_VC_LS, CAB_VI_LS, CAB_VS_LS, CEB_LS, CEV_LS, CHZ_LS, DEN_LS, EHB_LS, ELE_LS, ELH_LS, ELK_LS, END_LS, ENT_LS, EUT_LS, FIZ_LS, GEM_LS, GEO_LS, GID_LS, HTA_LS, HTAE_LS, IBM_LS, ICM_LS, IML_LS, INS_LS, ISL_LS, JEF_LS, KIM_LS, KMM_LS, KMP_LS, KOM_LS, KON_LS, MAD_LS, MAK_LS, MAT_LS, MET_LS, MIM_LS, MTO_LS, MTR_LS, MUT_LS, MUZ_LS, MZT_LS, PEM_LS, PET_LS, PETE_LS, ROS_LS, ROSE_LS, SBP_LS, SECE_LS, SES_LS, SES_TH_LS, SES_TS_LS, TEB_LS, TEK_LS, TEL_LS, THO_LS, UCK_LS, UZB_LS, VBAE_LS",-,-
12,20750,BEB 104,Tenis Teknik ve Taktik Eğitim,Physical (Face to face),Aylin Öztürk,KORT-G,Thursday,15:30/17:29,--,14,14,-,"BIO_LS, BLG_LS, BST_LS, CAB_3T_LS, CAB_4T_LS, CAB_BG_LS, CAB_DL_LS, CAB_DS_LS, CAB_KA_LS, CAB_KE_LS, CAB_KL_LS, CAB_KM_LS, CAB_KO_LS, CAB_LS, CAB_ME_LS, CAB_NE_LS, CAB_TN_LS, CAB_UD_LS, CAB_VC_LS, CAB_VI_LS, CAB_VS_LS, CEB_LS, CEV_LS, CHZ_LS, DEN_LS, EHB_LS, ELE_LS, ELH_LS, ELK_LS, END_LS, ENT_LS, EUT_LS, FIZ_LS, GEM_LS, GEO_LS, GID_LS, HTA_LS, HTAE_LS, IBM_LS, ICM_LS, IML_LS, INS_LS, ISL_LS, JEF_LS, KIM_LS, KMM_LS, KMP_LS, KOM_LS, KON_LS, MAD_LS, MAK_LS, MAT_LS, MET_LS, MIM_LS, MTO_LS, MTR_LS, MUT_LS, MUZ_LS, MZT_LS, PEM_LS, PET_LS, PETE_LS, ROS_LS, ROSE_LS, SBP_LS, SECE_LS, SES_LS, SES_TH_LS, SES_TS_LS, TEB_LS, TEK_LS, TEL_LS, THO_LS, UCK_LS, UZB_LS, VBAE_LS",-,-
13,20751,BEB 104,Tenis Teknik ve Taktik Eğitim,Physical (Face to face),Aylin Öztürk,KORT,Friday,10:30/12:29,--,14,14,-,"BIO_LS, BLG_LS, BST_LS, CAB_3T_LS, CAB_4T_LS, CAB_BG_LS, CAB_DL_LS, CAB_DS_LS, CAB_KA_LS, CAB_KE_LS, CAB_KL_LS, CAB_KM_LS, CAB_KO_LS, CAB_LS, CAB_ME_LS, CAB_NE_LS, CAB_TN_LS, CAB_UD_LS, CAB_VC_LS, CAB_VI_LS, CAB_VS_LS, CEB_LS, CEV_LS, CHZ_LS, DEN_LS, EHB_LS, ELE_LS, ELH_LS, ELK_LS, END_LS, ENT_LS, EUT_LS, FIZ_LS, GEM_LS, GEO_LS, GID_LS, HTA_LS, HTAE_LS, IBM_LS, ICM_LS, IML_LS, INS_LS, ISL_LS, JEF_LS, KIM_LS, KMM_LS, KMP_LS, KOM_LS, KON_LS, MAD_LS, MAK_LS, MAT_LS, MET_LS, MIM_LS, MTO_LS, MTR_LS, MUT_LS, MUZ_LS, MZT_LS, PEM_LS, PET_LS, PETE_LS, ROS_LS, ROSE_LS, SBP_LS, SECE_LS, SES_LS, SES_TH_LS, SES_TS_LS, TEB_LS, TEK_LS, TEL_LS, THO_LS, UCK_LS, UZB_LS, VBAE_LS",-,-
14,20752,BEB 105,Futbol ve Temel Hareket Öğret.,Physical (Face to face),Yaşar Volkan Arıncı,STD-G,Wednesday,10:30/12:29,--,25,20,-,"BIO_LS, BLG_LS, BST_LS, CAB_3T_LS, CAB_4T_LS, CAB_BG_LS, CAB_DL_LS, CAB_DS_LS, CAB_KA_LS, CAB_KE_LS, CAB_KL_LS, CAB_KM_LS, CAB_KO_LS, CAB_LS, CAB_ME_LS, CAB_NE_LS, CAB_TN_LS, CAB_UD_LS, CAB_VC_LS, CAB_VI_LS, CAB_VS_LS, CEB_LS, CEV_LS, CHZ_LS, DEN_LS, EHB_LS, ELE_LS, ELH_LS, ELK_LS, END_LS, ENT_LS, EUT_LS, FIZ_LS, GEM_LS, GEO_LS, GID_LS, HTA_LS, HTAE_LS, IBM_LS, ICM_LS, IML_LS, INS_LS, ISL_LS, JEF_LS, KIM_LS, KMM_LS, KMP_LS, KOM_LS, KON_LS, MAD_LS, MAK_LS, MAT_LS, MET_LS, MIM_LS, MTO_LS, MTR_LS, MUT_LS, MUZ_LS, MZT_LS, PEM_LS, PET_LS, PETE_LS, ROS_LS, ROSE_LS, SBP_LS, SECE_LS, SES_LS, SES_TH_LS, SES_TS_LS, TEB_LS, TEK_LS, TEL_LS, THO_LS, UCK_LS, UZB_LS, VBAE_LS",-,-
15,20753,BEB 105,Futbol ve Temel Hareket Öğret.,Physical (Face to face),Yaşar Volkan Arıncı,STD-G,Wednesday,13:30/15:29,--,25,24,-,"BIO_LS, BLG_LS, BST_LS, CAB_3T_LS, CAB_4T_LS, CAB_BG_LS, CAB_DL_LS, CAB_DS_LS, CAB_KA_LS, CAB_KE_LS, CAB_KL_LS, CAB_KM_LS, CAB_KO_LS, CAB_LS, CAB_ME_LS, CAB_NE_LS, CAB_TN_LS, CAB_UD_LS, CAB_VC_LS, CAB_VI_LS, CAB_VS_LS, CEB_LS, CEV_LS, CHZ_LS, DEN_LS, EHB_LS, ELE_LS, ELH_LS, ELK_LS, END_LS, ENT_LS, EUT_LS, FIZ_LS, GEM_LS, GEO_LS, GID_LS, HTA_LS, HTAE_LS, IBM_LS, ICM_LS, IML_LS, INS_LS, ISL_LS, JEF_LS, KIM_LS, KMM_LS, KMP_LS, KOM_LS, KON_LS, MAD_LS, MAK_LS, MAT_LS, MET_LS, MIM_LS, MTO_LS, MTR_LS, MUT_LS, MUZ_LS, MZT_LS, PEM_LS, PET_LS, PETE_LS, ROS_LS, ROSE_LS, SBP_LS, SECE_LS, SES_LS, SES_TH_LS, SES_TS_LS, TEB_LS, TEK_LS, TEL_LS, THO_LS, UCK_LS, UZB_LS, VBAE_LS",-,-
16,20754,BEB 105,Futbol ve Temel Hareket Öğret.,Physical (Face to face),Yaşar Volkan Arıncı,STD,Friday,14:00/15:59,--,25,22,-,"BIO_LS, BLG_LS, BST_LS, CAB_3T_LS, CAB_4T_LS, CAB_BG_LS, CAB_DL_LS, CAB_DS_LS, CAB_KA_LS, CAB_KE_LS, CAB_KL_LS, CAB_KM_LS, CAB_KO_LS, CAB_LS, CAB_ME_LS, CAB_NE_LS, CAB_TN_LS, CAB_UD_LS, CAB_VC_LS, CAB_VI_LS, CAB_VS_LS, CEB_LS, CEV_LS, CHZ_LS, DEN_LS, EHB_LS, ELE_LS, ELH_LS, ELK_LS, END_LS, ENT_LS, EUT_LS, FIZ_LS, GEM_LS, GEO_LS, GID_LS, HTA_LS, HTAE_LS, IBM_LS, ICM_LS, IML_LS, INS_LS, ISL_LS, JEF_LS, KIM_LS, KMM_LS, KMP_LS, KOM_LS, KON_LS, MAD_LS, MAK_LS, MAT_LS, MET_LS, MIM_LS, MTO_LS, MTR_LS, MUT_LS, MUZ_LS, MZT_LS, PEM_LS, PET_LS, PETE_LS, ROS_LS, ROSE_LS, SBP_LS, SECE_LS, SES_LS, SES_TH_LS, SES_TS_LS, TEB_LS, TEK_LS, TEL_LS, THO_LS, UCK_LS, UZB_LS, VBAE_LS",-,-
17,20773,BEB 106,Basketbol Temel Teknik Eğitimi,Physical (Face to face),-,SLN-M,Monday,10:30/12:29,--,0,0,-,"BIO_LS, BLG_LS, BST_LS, CAB_3T_LS, CAB_4T_LS, CAB_BG_LS, CAB_DL_LS, CAB_DS_LS, CAB_KA_LS, CAB_KE_LS, CAB_KL_LS, CAB_KM_LS, CAB_KO_LS, CAB_LS, CAB_ME_LS, CAB_NE_LS, CAB_TN_LS, CAB_UD_LS, CAB_VC_LS, CAB_VI_LS, CAB_VS_LS, CEB_LS, CEV_LS, CHZ_LS, DEN_LS, EHB_LS, ELE_LS, ELH_LS, ELK_LS, END_LS, ENT_LS, EUT_LS, FIZ_LS, GEM_LS, GEO_LS, GID_LS, HTA_LS, HTAE_LS, IBM_LS, ICM_LS, IML_LS, INS_LS, ISL_LS, JEF_LS, KIM_LS, KMM_LS, KMP_LS, KOM_LS, KON_LS, MAD_LS, MAK_LS, MAT_LS, MET_LS, MIM_LS, MTO_LS, MTR_LS, MUT_LS, MUZ_LS, MZT_LS, PEM_LS, PET_LS, PETE_LS, ROS_LS, ROSE_LS, SBP_LS, SECE_LS, SES_LS, SES_TH_LS, SES_TS_LS, TEB_LS, TEK_LS, TEL_LS, THO_LS, UCK_LS, UZB_LS, VBAE_LS",-,-
18,20787,BEB 110,Hentbol Temel Beceri Eğitimi,Physical (Face to face),-,SLN-M,Monday,13:30/15:29,--,0,0,-,"BIO_LS, BLG_LS, BST_LS, CAB_3T_LS, CAB_4T_LS, CAB_BG_LS, CAB_DL_LS, CAB_DS_LS, CAB_KA_LS, CAB_KE_LS, CAB_KL_LS, CAB_KM_LS, CAB_KO_LS, CAB_LS, CAB_ME_LS, CAB_NE_LS, CAB_TN_LS, CAB_UD_LS, CAB_VC_LS, CAB_VI_LS, CAB_VS_LS, CEB_LS, CEV_LS, CHZ_LS, DEN_LS, EHB_LS, ELE_LS, ELH_LS, ELK_LS, END_LS, ENT_LS, EUT_LS, FIZ_LS, GEM_LS, GEO_LS, GID_LS, HTA_LS, HTAE_LS, IBM_LS, ICM_LS, IML_LS, INS_LS, ISL_LS, JEF_LS, KIM_LS, KMM_LS, KMP_LS, KOM_LS, KON_LS, MAD_LS, MAK_LS, MAT_LS, MET_LS, MIM_LS, MTO_LS, MTR_LS, MUT_LS, MUZ_LS, MZT_LS, PEM_LS, PET_LS, PETE_LS, ROS_LS, ROSE_LS, SBP_LS, SECE_LS, SES_LS, SES_TH_LS, SES_TS_LS, TEB_LS, TEK_LS, TEL_LS, THO_LS, UCK_LS, UZB_LS, VBAE_LS",-,-
19,20788,BEB 110,Hentbol Temel Beceri Eğitimi,Physical (Face to face),-,SLN-M,Monday,15:30/17:29,--,0,0,-,"BIO_LS, BLG_LS, BST_LS, CAB_3T_LS, CAB_4T_LS, CAB_BG_LS, CAB_DL_LS, CAB_DS_LS, CAB_KA_LS, CAB_KE_LS, CAB_KL_LS, CAB_KM_LS, CAB_KO_LS, CAB_LS, CAB_ME_LS, CAB_NE_LS, CAB_TN_LS, CAB_UD_LS, CAB_VC_LS, CAB_VI_LS, CAB_VS_LS, CEB_LS, CEV_LS, CHZ_LS, DEN_LS, EHB_LS, ELE_LS, ELH_LS, ELK_LS, END_LS, ENT_LS, EUT_LS, FIZ_LS, GEM_LS, GEO_LS, GID_LS, HTA_LS, HTAE_LS, IBM_LS, ICM_LS, IML_LS, INS_LS, ISL_LS, JEF_LS, KIM_LS, KMM_LS, KMP_LS, KOM_LS, KON_LS, MAD_LS, MAK_LS, MAT_LS, MET_LS, MIM_LS, MTO_LS, MTR_LS, MUT_LS, MUZ_LS, MZT_LS, PEM_LS, PET_LS, PETE_LS, ROS_LS, ROSE_LS, SBP_LS, SECE_LS, SES_LS, SES_TH_LS, SES_TS_LS, TEB_LS, TEK_LS, TEL_LS, THO_LS, UCK_LS, UZB_LS, VBAE_LS",-,-
20,20755,BEB 111,Masa Tenisi Tem.Beceri Eğitimi,Physical (Face to face),Serra Ayşe Çakar Saka,SLN-M,Monday,08:30/10:29,--,12,11,-,"BIO_LS, BLG_LS, BST_LS, CAB_3T_LS, CAB_4T_LS, CAB_BG_LS, CAB_DL_LS, CAB_DS_LS, CAB_KA_LS, CAB_KE_LS, CAB_KL_LS, CAB_KM_LS, CAB_KO_LS, CAB_LS, CAB_ME_LS, CAB_NE_LS, CAB_TN_LS, CAB_UD_LS, CAB_VC_LS, CAB_VI_LS, CAB_VS_LS, CEB_LS, CEV_LS, CHZ_LS, DEN_LS, EHB_LS, ELE_LS, ELH_LS, ELK_LS, END_LS, ENT_LS, EUT_LS, FIZ_LS, GEM_LS, GEO_LS, GID_LS, HTA_LS, IBM_LS, ICM_LS, IML_LS, INS_LS, ISL_LS, JEF_LS, KIM_LS, KMM_LS, KMP_LS, KOM_LS, KON_LS, MAD_LS, MAK_LS, MAT_LS, MET_LS, MIM_LS, MTO_LS, MTR_LS, MUT_LS, MUZ_LS, MZT_LS, PEM_LS, PET_LS, PETE_LS, ROS_LS, SBP_LS, SES_LS, SES_TH_LS, SES_TS_LS, TEB_LS, TEK_LS, TEL_LS, THO_LS, UCK_LS, UZB_LS",-,-
21,20756,BEB 111,Masa Tenisi Tem.Beceri Eğitimi,Physical (Face to face),Serra Ayşe Çakar Saka,SLN-M,Monday,13:30/15:29,--,12,9,-,"BIO_LS, BLG_LS, BST_LS, CAB_3T_LS, CAB_4T_LS, CAB_BG_LS, CAB_DL_LS, CAB_DS_LS, CAB_KA_LS, CAB_KE_LS, CAB_KL_LS, CAB_KM_LS, CAB_KO_LS, CAB_LS, CAB_ME_LS, CAB_NE_LS, CAB_TN_LS, CAB_UD_LS, CAB_VC_LS, CAB_VI_LS, CAB_VS_LS, CEB_LS, CEV_LS, CHZ_LS, DEN_LS, EHB_LS, ELE_LS, ELH_LS, ELK_LS, END_LS, ENT_LS, EUT_LS, FIZ_LS, GEM_LS, GEO_LS, GID_LS, HTA_LS, IBM_LS, ICM_LS, IML_LS, INS_LS, ISL_LS, JEF_LS, KIM_LS, KMM_LS, KMP_LS, KOM_LS, KON_LS, MAD_LS, MAK_LS, MAT_LS, MET_LS, MIM_LS, MTO_LS, MTR_LS, MUT_LS, MUZ_LS, MZT_LS, PEM_LS, PET_LS, PETE_LS, ROS_LS, SBP_LS, SES_LS, SES_TH_LS, SES_TS_LS, TEB_LS, TEK_LS, TEL_LS, THO_LS, UCK_LS, UZB_LS",-,-
22,20757,BEB 111,Masa Tenisi Tem.Beceri Eğitimi,Physical (Face to face),Serra Ayşe Çakar Saka,SLN-M,Thursday,08:30/10:29,--,12,12,-,"BIO_LS, BLG_LS, BST_LS, CAB_3T_LS, CAB_4T_LS, CAB_BG_LS, CAB_DL_LS, CAB_DS_LS, CAB_KA_LS, CAB_KE_LS, CAB_KL_LS, CAB_KM_LS, CAB_KO_LS, CAB_LS, CAB_ME_LS, CAB_NE_LS, CAB_TN_LS, CAB_UD_LS, CAB_VC_LS, CAB_VI_LS, CAB_VS_LS, CEB_LS, CEV_LS, CHZ_LS, DEN_LS, EHB_LS, ELE_LS, ELH_LS, ELK_LS, END_LS, ENT_LS, EUT_LS, FIZ_LS, GEM_LS, GEO_LS, GID_LS, HTA_LS, IBM_LS, ICM_LS, IML_LS, INS_LS, ISL_LS, JEF_LS, KIM_LS, KMM_LS, KMP_LS, KOM_LS, KON_LS, MAD_LS, MAK_LS, MAT_LS, MET_LS, MIM_LS, MTO_LS, MTR_LS, MUT_LS, MUZ_LS, MZT_LS, PEM_LS, PET_LS, PETE_LS, ROS_LS, SBP_LS, SES_LS, SES_TH_LS, SES_TS_LS, TEB_LS, TEK_LS, TEL_LS, THO_LS, UCK_LS, UZB_LS",-,-
23,20758,BEB 111,Masa Tenisi Tem.Beceri Eğitimi,Physical (Face to face),Serra Ayşe Çakar Saka,SLN-M,Thursday,10:30/12:29,--,12,11,-,"BIO_LS, BLG_LS, BST_LS, CAB_3T_LS, CAB_4T_LS, CAB_BG_LS, CAB_DL_LS, CAB_DS_LS, CAB_KA_LS, CAB_KE_LS, CAB_KL_LS, CAB_KM_LS, CAB_KO_LS, CAB_LS, CAB_ME_LS, CAB_NE_LS, CAB_TN_LS, CAB_UD_LS, CAB_VC_LS, CAB_VI_LS, CAB_VS_LS, CEB_LS, CEV_LS, CHZ_LS, DEN_LS, EHB_LS, ELE_LS, ELH_LS, ELK_LS, END_LS, ENT_LS, EUT_LS, FIZ_LS, GEM_LS, GEO_LS, GID_LS, HTA_LS, IBM_LS, ICM_LS, IML_LS, INS_LS, ISL_LS, JEF_LS, KIM_LS, KMM_LS, KMP_LS, KOM_LS, KON_LS, MAD_LS, MAK_LS, MAT_LS, MET_LS, MIM_LS, MTO_LS, MTR_LS, MUT_LS, MUZ_LS, MZT_LS, PEM_LS, PET_LS, PETE_LS, ROS_LS, SBP_LS, SES_LS, SES_TH_LS, SES_TS_LS, TEB_LS, TEK_LS, TEL_LS, THO_LS, UCK_LS, UZB_LS",-,-
24,20761,BEB 115,Atletizm Temel Eğitimi,Physical (Face to face),-,STD,Monday,08:30/10:29,--,0,0,-,"BIO_LS, BLG_LS, BST_LS, CAB_3T_LS, CAB_4T_LS, CAB_BG_LS, CAB_DL_LS, CAB_DS_LS, CAB_KA_LS, CAB_KE_LS, CAB_KL_LS, CAB_KM_LS, CAB_KO_LS, CAB_LS, CAB_ME_LS, CAB_NE_LS, CAB_TN_LS, CAB_UD_LS, CAB_VC_LS, CAB_VI_LS, CAB_VS_LS, CEB_LS, CEV_LS, CHZ_LS, DEN_LS, EHB_LS, ELE_LS, ELH_LS, ELK_LS, END_LS, ENT_LS, EUT_LS, FIZ_LS, GEM_LS, GEO_LS, GID_LS, HTA_LS, HTAE_LS, IBM_LS, ICM_LS, IML_LS, INS_LS, ISL_LS, JEF_LS, KIM_LS, KMM_LS, KMP_LS, KOM_LS, KON_LS, MAD_LS, MAK_LS, MAT_LS, MET_LS, MIM_LS, MTO_LS, MTR_LS, MUT_LS, MUZ_LS, MZT_LS, PEM_LS, PET_LS, PETE_LS, ROS_LS, ROSE_LS, SBP_LS, SECE_LS, SES_LS, SES_TH_LS, SES_TS_LS, TEB_LS, TEK_LS, TEL_LS, THO_LS, UCK_LS, UZB_LS, VBAE_LS",-,-
25,20762,BEB 115,Atletizm Temel Eğitimi,Physical (Face to face),Damla Ercan Köse,STD,Monday,10:30/12:29,--,20,4,-,"BIO_LS, BLG_LS, BST_LS, CAB_3T_LS, CAB_4T_LS, CAB_BG_LS, CAB_DL_LS, CAB_DS_LS, CAB_KA_LS, CAB_KE_LS, CAB_KL_LS, CAB_KM_LS, CAB_KO_LS, CAB_LS, CAB_ME_LS, CAB_NE_LS, CAB_TN_LS, CAB_UD_LS, CAB_VC_LS, CAB_VI_LS, CAB_VS_LS, CEB_LS, CEV_LS, CHZ_LS, DEN_LS, EHB_LS, ELE_LS, ELH_LS, ELK_LS, END_LS, ENT_LS, EUT_LS, FIZ_LS, GEM_LS, GEO_LS, GID_LS, HTA_LS, HTAE_LS, IBM_LS, ICM_LS, IML_LS, INS_LS, ISL_LS, JEF_LS, KIM_LS, KMM_LS, KMP_LS, KOM_LS, KON_LS, MAD_LS, MAK_LS, MAT_LS, MET_LS, MIM_LS, MTO_LS, MTR_LS, MUT_LS, MUZ_LS, MZT_LS, PEM_LS, PET_LS, PETE_LS, ROS_LS, ROSE_LS, SBP_LS, SECE_LS, SES_LS, SES_TH_LS, SES_TS_LS, TEB_LS, TEK_LS, TEL_LS, THO_LS, UCK_LS, UZB_LS, VBAE_LS",-,-
26,20768,BEB 116,Badminton Temel Beceri Eğitimi,Physical (Face to face),Murat Bilgin,SLN-M,Tuesday,13:30/15:29,--,12,7,-,"BIO_LS, BLG_LS, BST_LS, CAB_3T_LS, CAB_4T_LS, CAB_BG_LS, CAB_DL_LS, CAB_DS_LS, CAB_KA_LS, CAB_KE_LS, CAB_KL_LS, CAB_KM_LS, CAB_KO_LS, CAB_LS, CAB_ME_LS, CAB_NE_LS, CAB_TN_LS, CAB_UD_LS, CAB_VC_LS, CAB_VI_LS, CAB_VS_LS, CEB_LS, CEV_LS, CHZ_LS, DEN_LS, EHB_LS, ELE_LS, ELH_LS, ELK_LS, END_LS, ENT_LS, EUT_LS, FIZ_LS, GEM_LS, GEO_LS, GID_LS, HTA_LS, HTAE_LS, IBM_LS, ICM_LS, IML_LS, INS_LS, ISL_LS, JEF_LS, KIM_LS, KMM_LS, KMP_LS, KOM_LS, KON_LS, MAD_LS, MAK_LS, MAT_LS, MET_LS, MIM_LS, MTO_LS, MTR_LS, MUT_LS, MUZ_LS, MZT_LS, PEM_LS, PET_LS, PETE_LS, ROS_LS, ROSE_LS, SBP_LS, SECE_LS, SES_LS, SES_TH_LS, SES_TS_LS, TEB_LS, TEK_LS, TEL_LS, THO_LS, UCK_LS, UZB_LS, VBAE_LS",-,-
27,20769,BEB 116,Badminton Temel Beceri Eğitimi,Physical (Face to face),-,SLN-M,Wednesday,10:30/12:29,--,0,0,-,"BIO_LS, BLG_LS, BST_LS, CAB_3T_LS, CAB_4T_LS, CAB_BG_LS, CAB_DL_LS, CAB_DS_LS, CAB_KA_LS, CAB_KE_LS, CAB_KL_LS, CAB_KM_LS, CAB_KO_LS, CAB_LS, CAB_ME_LS, CAB_NE_LS, CAB_TN_LS, CAB_UD_LS, CAB_VC_LS, CAB_VI_LS, CAB_VS_LS, CEB_LS, CEV_LS, CHZ_LS, DEN_LS, EHB_LS, ELE_LS, ELH_LS, ELK_LS, END_LS, ENT_LS, EUT_LS, FIZ_LS, GEM_LS, GEO_LS, GID_LS, HTA_LS, HTAE_LS, IBM_LS, ICM_LS, IML_LS, INS_LS, ISL_LS, JEF_LS, KIM_LS, KMM_LS, KMP_LS, KOM_LS, KON_LS, MAD_LS, MAK_LS, MAT_LS, MET_LS, MIM_LS, MTO_LS, MTR_LS, MUT_LS, MUZ_LS, MZT_LS, PEM_LS, PET_LS, PETE_LS, ROS_LS, ROSE_LS, SBP_LS, SECE_LS, SES_LS, SES_TH_LS, SES_TS_LS, TEB_LS, TEK_LS, TEL_LS, THO_LS, UCK_LS, UZB_LS, VBAE_LS",-,-
28,20770,BEB 116,Badminton Temel Beceri Eğitimi,Physical (Face to face),Murat Bilgin,SLN-M,Wednesday,13:30/15:29,--,12,9,-,"BIO_LS, BLG_LS, BST_LS, CAB_3T_LS, CAB_4T_LS, CAB_BG_LS, CAB_DL_LS, CAB_DS_LS, CAB_KA_LS, CAB_KE_LS, CAB_KL_LS, CAB_KM_LS, CAB_KO_LS, CAB_LS, CAB_ME_LS, CAB_NE_LS, CAB_TN_LS, CAB_UD_LS, CAB_VC_LS, CAB_VI_LS, CAB_VS_LS, CEB_LS, CEV_LS, CHZ_LS, DEN_LS, EHB_LS, ELE_LS, ELH_LS, ELK_LS, END_LS, ENT_LS, EUT_LS, FIZ_LS, GEM_LS, GEO_LS, GID_LS, HTA_LS, HTAE_LS, IBM_LS, ICM_LS, IML_LS, INS_LS, ISL_LS, JEF_LS, KIM_LS, KMM_LS, KMP_LS, KOM_LS, KON_LS, MAD_LS, MAK_LS, MAT_LS, MET_LS, MIM_LS, MTO_LS, MTR_LS, MUT_LS, MUZ_LS, MZT_LS, PEM_LS, PET_LS, PETE_LS, ROS_LS, ROSE_LS, SBP_LS, SECE_LS, SES_LS, SES_TH_LS, SES_TS_LS, TEB_LS, TEK_LS, TEL_LS, THO_LS, UCK_LS, UZB_LS, VBAE_LS",-,-
29,20771,BEB 116,Badminton Temel Beceri Eğitimi,Physical (Face to face),Murat Bilgin,SLN-M,Thursday,10:30/12:29,--,12,12,-,"BIO_LS, BLG_LS, BST_LS, CAB_3T_LS, CAB_4T_LS, CAB_BG_LS, CAB_DL_LS, CAB_DS_LS, CAB_KA_LS, CAB_KE_LS, CAB_KL_LS, CAB_KM_LS, CAB_KO_LS, CAB_LS, CAB_ME_LS, CAB_NE_LS, CAB_TN_LS, CAB_UD_LS, CAB_VC_LS, CAB_VI_LS, CAB_VS_LS, CEB_LS, CEV_LS, CHZ_LS, DEN_LS, EHB_LS, ELE_LS, ELH_LS, ELK_LS, END_LS, ENT_LS, EUT_LS, FIZ_LS, GEM_LS, GEO_LS, GID_LS, HTA_LS, HTAE_LS, IBM_LS, ICM_LS, IML_LS, INS_LS, ISL_LS, JEF_LS, KIM_LS, KMM_LS, KMP_LS, KOM_LS, KON_LS, MAD_LS, MAK_LS, MAT_LS, MET_LS, MIM_LS, MTO_LS, MTR_LS, MUT_LS, MUZ_LS, MZT_LS, PEM_LS, PET_LS, PETE_LS, ROS_LS, ROSE_LS, SBP_LS, SECE_LS, SES_LS, SES_TH_LS, SES_TS_LS, TEB_LS, TEK_LS, TEL_LS, THO_LS, UCK_LS, UZB_LS, VBAE_LS",-,-
30,20772,BEB 116,Badminton Temel Beceri Eğitimi,Physical (Face to face),Murat Bilgin,SLN-M,Thursday,13:30/15:29,--,12,8,-,"BIO_LS, BLG_LS, BST_LS, CAB_3T_LS, CAB_4T_LS, CAB_BG_LS, CAB_DL_LS, CAB_DS_LS, CAB_KA_LS, CAB_KE_LS, CAB_KL_LS, CAB_KM_LS, CAB_KO_LS, CAB_LS, CAB_ME_LS, CAB_NE_LS, CAB_TN_LS, CAB_UD_LS, CAB_VC_LS, CAB_VI_LS, CAB_VS_LS, CEB_LS, CEV_LS, CHZ_LS, DEN_LS, EHB_LS, ELE_LS, ELH_LS, ELK_LS, END_LS, ENT_LS, EUT_LS, FIZ_LS, GEM_LS, GEO_LS, GID_LS, HTA_LS, HTAE_LS, IBM_LS, ICM_LS, IML_LS, INS_LS, ISL_LS, JEF_LS, KIM_LS, KMM_LS, KMP_LS, KOM_LS, KON_LS, MAD_LS, MAK_LS, MAT_LS, MET_LS, MIM_LS, MTO_LS, MTR_LS, MUT_LS, MUZ_LS, MZT_LS, PEM_LS, PET_LS, PETE_LS, ROS_LS, ROSE_LS, SBP_LS, SECE_LS, SES_LS, SES_TH_LS, SES_TS_LS, TEB_LS, TEK_LS, TEL_LS, THO_LS, UCK_LS, UZB_LS, VBAE_LS",-,-
31,24669,BEB 116,Badminton Temel Beceri Eğitimi,Physical (Face to face),Murat Bilgin,SLN-M,Tuesday,10:30/12:29,--,12,9,-,"BIO_LS, BLG_LS, BST_LS, CAB_3T_LS, CAB_4T_LS, CAB_BG_LS, CAB_DL_LS, CAB_DS_LS, CAB_KA_LS, CAB_KE_LS, CAB_KL_LS, CAB_KM_LS, CAB_KO_LS, CAB_LS, CAB_ME_LS, CAB_NE_LS, CAB_TN_LS, CAB_UD_LS, CAB_VC_LS, CAB_VI_LS, CAB_VS_LS, CEB_LS, CEV_LS, CHZ_LS, DEN_LS, EHB_LS, ELE_LS, ELH_LS, ELK_LS, END_LS, ENT_LS, EUT_LS, FIZ_LS, GEM_LS, GEO_LS, GID_LS, HTA_LS, HTAE_LS, IBM_LS, ICM_LS, IML_LS, INS_LS, ISL_LS, JEF_LS, KIM_LS, KMM_LS, KMP_LS, KOM_LS, KON_LS, MAD_LS, MAK_LS, MAT_LS, MET_LS, MIM_LS, MTO_LS, MTR_LS, MUT_LS, MUZ_LS, MZT_LS, PEM_LS, PET_LS, PETE_LS, ROS_LS, ROSE_LS, SBP_LS, SECE_LS, SES_LS, SES_TH_LS, SES_TS_LS, TEB_LS, TEK_LS, TEL_LS, THO_LS, UCK_LS, UZB_LS, VBAE_LS",-,-
32,20748,BEB 118,Genel Kond.ve Vücut Geliştirme,Physical (Face to face),Aylin Öztürk,SYM,Wednesday,08:30/10:29,--,15,12,-,"BIO_LS, BLG_LS, BST_LS, CAB_3T_LS, CAB_4T_LS, CAB_BG_LS, CAB_DL_LS, CAB_DS_LS, CAB_KA_LS, CAB_KE_LS, CAB_KL_LS, CAB_KM_LS, CAB_KO_LS, CAB_LS, CAB_ME_LS, CAB_NE_LS, CAB_TN_LS, CAB_UD_LS, CAB_VC_LS, CAB_VI_LS, CAB_VS_LS, CEB_LS, CEV_LS, CHZ_LS, DEN_LS, EHB_LS, ELE_LS, ELH_LS, ELK_LS, END_LS, ENT_LS, EUT_LS, FIZ_LS, GEM_LS, GEO_LS, GID_LS, HTA_LS, HTAE_LS, IBM_LS, ICM_LS, IML_LS, INS_LS, ISL_LS, JEF_LS, KIM_LS, KMM_LS, KMP_LS, KOM_LS, KON_LS, MAD_LS, MAK_LS, MAT_LS, MET_LS, MIM_LS, MTO_LS, MTR_LS, MUT_LS, MUZ_LS, MZT_LS, PEM_LS, PET_LS, PETE_LS, ROS_LS, ROSE_LS, SBP_LS, SECE_LS, SES_LS, SES_TH_LS, SES_TS_LS, TEB_LS, TEK_LS, TEL_LS, THO_LS, UCK_LS, UZB_LS, VBAE_LS",-,-
33,20782,BEB 118,Genel Kond.ve Vücut Geliştirme,Physical (Face to face),Burak Gönültaş,SYM,Thursday,08:30/10:29,--,15,12,-,"BIO_LS, BLG_LS, BST_LS, CAB_3T_LS, CAB_4T_LS, CAB_BG_LS, CAB_DL_LS, CAB_DS_LS, CAB_KA_LS, CAB_KE_LS, CAB_KL_LS, CAB_KM_LS, CAB_KO_LS, CAB_LS, CAB_ME_LS, CAB_NE_LS, CAB_TN_LS, CAB_UD_LS, CAB_VC_LS, CAB_VI_LS, CAB_VS_LS, CEB_LS, CEV_LS, CHZ_LS, DEN_LS, EHB_LS, ELE_LS, ELH_LS, ELK_LS, END_LS, ENT_LS, EUT_LS, FIZ_LS, GEM_LS, GEO_LS, GID_LS, HTA_LS, HTAE_LS, IBM_LS, ICM_LS, IML_LS, INS_LS, ISL_LS, JEF_LS, KIM_LS, KMM_LS, KMP_LS, KOM_LS, KON_LS, MAD_LS, MAK_LS, MAT_LS, MET_LS, MIM_LS, MTO_LS, MTR_LS, MUT_LS, MUZ_LS, MZT_LS, PEM_LS, PET_LS, PETE_LS, ROS_LS, ROSE_LS, SBP_LS, SECE_LS, SES_LS, SES_TH_LS, SES_TS_LS, TEB_LS, TEK_LS, TEL_LS, THO_LS, UCK_LS, UZB_LS, VBAE_LS",-,-
34,24802,BEB 118,Genel Kond.ve Vücut Geliştirme,Physical (Face to face),-,SYM,Monday,08:30/10:29,--,0,0,-,"BIO_LS, BLG_LS, BST_LS, CAB_3T_LS, CAB_4T_LS, CAB_BG_LS, CAB_DL_LS, CAB_DS_LS, CAB_KA_LS, CAB_KE_LS, CAB_KL_LS, CAB_KM_LS, CAB_KO_LS, CAB_LS, CAB_ME_LS, CAB_NE_LS, CAB_TN_LS, CAB_UD_LS, CAB_VC_LS, CAB_VI_LS, CAB_VS_LS, CEB_LS, CEV_LS, CHZ_LS, DEN_LS, EHB_LS, ELE_LS, ELH_LS, ELK_LS, END_LS, ENT_LS, EUT_LS, FIZ_LS, GEM_LS, GEO_LS, GID_LS, HTA_LS, HTAE_LS, IBM_LS, ICM_LS, IML_LS, INS_LS, ISL_LS, JEF_LS, KIM_LS, KMM_LS, KMP_LS, KOM_LS, KON_LS, MAD_LS, MAK_LS, MAT_LS, MET_LS, MIM_LS, MTO_LS, MTR_LS, MUT_LS, MUZ_LS, MZT_LS, PEM_LS, PET_LS, PETE_LS, ROS_LS, ROSE_LS, SBP_LS, SECE_LS, SES_LS, SES_TH_LS, SES_TS_LS, TEB_LS, TEK_LS, TEL_LS, THO_LS, UCK_LS, UZB_LS, VBAE_LS",-,-
35,24803,BEB 118,Genel Kond.ve Vücut Geliştirme,Physical (Face to face),Yaşar Volkan Arıncı,SYM,Friday,08:30/10:29,--,15,4,-,"BIO_LS, BLG_LS, BST_LS, CAB_3T_LS, CAB_4T_LS, CAB_BG_LS, CAB_DL_LS, CAB_DS_LS, CAB_KA_LS, CAB_KE_LS, CAB_KL_LS, CAB_KM_LS, CAB_KO_LS, CAB_LS, CAB_ME_LS, CAB_NE_LS, CAB_TN_LS, CAB_UD_LS, CAB_VC_LS, CAB_VI_LS, CAB_VS_LS, CEB_LS, CEV_LS, CHZ_LS, DEN_LS, EHB_LS, ELE_LS, ELH_LS, ELK_LS, END_LS, ENT_LS, EUT_LS, FIZ_LS, GEM_LS, GEO_LS, GID_LS, HTA_LS, HTAE_LS, IBM_LS, ICM_LS, IML_LS, INS_LS, ISL_LS, JEF_LS, KIM_LS, KMM_LS, KMP_LS, KOM_LS, KON_LS, MAD_LS, MAK_LS, MAT_LS, MET_LS, MIM_LS, MTO_LS, MTR_LS, MUT_LS, MUZ_LS, MZT_LS, PEM_LS, PET_LS, PETE_LS, ROS_LS, ROSE_LS, SBP_LS, SECE_LS, SES_LS, SES_TH_LS, SES_TS_LS, TEB_LS, TEK_LS, TEL_LS, THO_LS, UCK_LS, UZB_LS, VBAE_LS",-,-
36,20774,BEB 120,Spor ve Temel Bilimler,Physical (Face to face),"Birgül Arslanoğlu ,
Yaşar Volkan Arıncı",RSLN-M,Monday,13:30/16:29,--,20,19,-,"BIO_LS, BLG_LS, BST_LS, CAB_3T_LS, CAB_4T_LS, CAB_BG_LS, CAB_DL_LS, CAB_DS_LS, CAB_KA_LS, CAB_KE_LS, CAB_KL_LS, CAB_KM_LS, CAB_KO_LS, CAB_LS, CAB_ME_LS, CAB_NE_LS, CAB_TN_LS, CAB_UD_LS, CAB_VC_LS, CAB_VI_LS, CAB_VS_LS, CEB_LS, CEV_LS, CHZ_LS, DEN_LS, EHB_LS, ELE_LS, ELH_LS, ELK_LS, END_LS, ENT_LS, EUT_LS, FIZ_LS, GEM_LS, GEO_LS, GID_LS, HTA_LS, HTAE_LS, IBM_LS, ICM_LS, IML_LS, INS_LS, ISL_LS, JEF_LS, KIM_LS, KMM_LS, KMP_LS, KOM_LS, KON_LS, MAD_LS, MAK_LS, MAT_LS, MET_LS, MIM_LS, MTO_LS, MTR_LS, MUT_LS, MUZ_LS, MZT_LS, PEM_LS, PET_LS, ROS_LS, ROSE_LS, SBP_LS, SECE_LS, SES_LS, SES_TH_LS, SES_TS_LS, TEB_LS, TEK_LS, TEL_LS, THO_LS, UCK_LS, UZB_LS, VBAE_LS",-,-
37,20775,BEB 121,Spor ve Teknoloji,Physical (Face to face),Birgül Arslanoğlu,RSLN-M,Wednesday,12:30/15:29,--,20,20,-,"BIO_LS, BLG_LS, BST_LS, CAB_3T_LS, CAB_4T_LS, CAB_BG_LS, CAB_DL_LS, CAB_DS_LS, CAB_KA_LS, CAB_KE_LS, CAB_KL_LS, CAB_KM_LS, CAB_KO_LS, CAB_LS, CAB_ME_LS, CAB_NE_LS, CAB_TN_LS, CAB_UD_LS, CAB_VC_LS, CAB_VI_LS, CAB_VS_LS, CEB_LS, CEV_LS, CHZ_LS, DEN_LS, EHB_LS, ELE_LS, ELH_LS, ELK_LS, END_LS, ENT_LS, EUT_LS, FIZ_LS, GEM_LS, GEO_LS, GID_LS, HTA_LS, HTAE_LS, IBM_LS, ICM_LS, IML_LS, INS_LS, ISL_LS, JEF_LS, KIM_LS, KMM_LS, KMP_LS, KOM_LS, KON_LS, MAD_LS, MAK_LS, MAT_LS, MET_LS, MIM_LS, MTO_LS, MTR_LS, MUT_LS, MUZ_LS, MZT_LS, PEM_LS, PET_LS, ROS_LS, ROSE_LS, SBP_LS, SECE_LS, SES_LS, SES_TH_LS, SES_TS_LS, TEB_LS, TEK_LS, TEL_LS, THO_LS, UCK_LS, UZB_LS, VBAE_LS",-,-
38,20776,BEB 121,Spor ve Teknoloji,Physical (Face to face),Birgül Arslanoğlu,DZB,Thursday,08:30/11:29,--,20,14,-,"DUI_LS, GMI_LS, IBM_LS, KOM_LS, MTO_LS",-,-
39,20763,BEB 122,Fiziksel Aktivite ve Egzersiz,Physical (Face to face),-,SLN-G,Tuesday,08:30/10:29,--,0,0,-,"BIO_LS, BLG_LS, BST_LS, CAB_3T_LS, CAB_4T_LS, CAB_BG_LS, CAB_DL_LS, CAB_DS_LS, CAB_KA_LS, CAB_KE_LS, CAB_KL_LS, CAB_KM_LS, CAB_KO_LS, CAB_LS, CAB_ME_LS, CAB_NE_LS, CAB_TN_LS, CAB_UD_LS, CAB_VC_LS, CAB_VI_LS, CAB_VS_LS, CEB_LS, CEV_LS, CHZ_LS, DEN_LS, EHB_LS, ELE_LS, ELH_LS, ELK_LS, END_LS, ENT_LS, EUT_LS, FIZ_LS, GEM_LS, GEO_LS, GID_LS, HTA_LS, HTAE_LS, IBM_LS, ICM_LS, IML_LS, INS_LS, ISL_LS, JEF_LS, KIM_LS, KMM_LS, KMP_LS, KOM_LS, KON_LS, MAD_LS, MAK_LS, MAT_LS, MET_LS, MIM_LS, MTO_LS, MTR_LS, MUT_LS, MUZ_LS, MZT_LS, PEM_LS, PET_LS, PETE_LS, ROS_LS, ROSE_LS, SBP_LS, SECE_LS, SES_LS, SES_TH_LS, SES_TS_LS, TEB_LS, TEK_LS, TEL_LS, THO_LS, UCK_LS, UZB_LS, VBAE_LS",-,-
40,20764,BEB 122,Fiziksel Aktivite ve Egzersiz,Physical (Face to face),-,SLN-G,Tuesday,10:30/12:29,--,0,0,-,"BIO_LS, BLG_LS, BST_LS, CAB_3T_LS, CAB_4T_LS, CAB_BG_LS, CAB_DL_LS, CAB_DS_LS, CAB_KA_LS, CAB_KE_LS, CAB_KL_LS, CAB_KM_LS, CAB_KO_LS, CAB_LS, CAB_ME_LS, CAB_NE_LS, CAB_TN_LS, CAB_UD_LS, CAB_VC_LS, CAB_VI_LS, CAB_VS_LS, CEB_LS, CEV_LS, CHZ_LS, DEN_LS, EHB_LS, ELE_LS, ELH_LS, ELK_LS, END_LS, ENT_LS, EUT_LS, FIZ_LS, GEM_LS, GEO_LS, GID_LS, HTA_LS, HTAE_LS, IBM_LS, ICM_LS, IML_LS, INS_LS, ISL_LS, JEF_LS, KIM_LS, KMM_LS, KMP_LS, KOM_LS, KON_LS, MAD_LS, MAK_LS, MAT_LS, MET_LS, MIM_LS, MTO_LS, MTR_LS, MUT_LS, MUZ_LS, MZT_LS, PEM_LS, PET_LS, PETE_LS, ROS_LS, ROSE_LS, SBP_LS, SECE_LS, SES_LS, SES_TH_LS, SES_TS_LS, TEB_LS, TEK_LS, TEL_LS, THO_LS, UCK_LS, UZB_LS, VBAE_LS",-,-
41,20777,BEB 122,Fiziksel Aktivite ve Egzersiz,Physical (Face to face),-,SLN-G,Monday,08:30/10:29,--,0,0,-,"BIO_LS, BLG_LS, BST_LS, CAB_3T_LS, CAB_4T_LS, CAB_BG_LS, CAB_DL_LS, CAB_DS_LS, CAB_KA_LS, CAB_KE_LS, CAB_KL_LS, CAB_KM_LS, CAB_KO_LS, CAB_LS, CAB_ME_LS, CAB_NE_LS, CAB_TN_LS, CAB_UD_LS, CAB_VC_LS, CAB_VI_LS, CAB_VS_LS, CEB_LS, CEV_LS, CHZ_LS, DEN_LS, EHB_LS, ELE_LS, ELH_LS, ELK_LS, END_LS, ENT_LS, EUT_LS, FIZ_LS, GEM_LS, GEO_LS, GID_LS, HTA_LS, HTAE_LS, IBM_LS, ICM_LS, IML_LS, INS_LS, ISL_LS, JEF_LS, KIM_LS, KMM_LS, KMP_LS, KOM_LS, KON_LS, MAD_LS, MAK_LS, MAT_LS, MET_LS, MIM_LS, MTO_LS, MTR_LS, MUT_LS, MUZ_LS, MZT_LS, PEM_LS, PET_LS, PETE_LS, ROS_LS, ROSE_LS, SBP_LS, SECE_LS, SES_LS, SES_TH_LS, SES_TS_LS, TEB_LS, TEK_LS, TEL_LS, THO_LS, UCK_LS, UZB_LS, VBAE_LS",-,-
42,20778,BEB 122,Fiziksel Aktivite ve Egzersiz,Physical (Face to face),Burak Gönültaş,SLN-G,Monday,10:30/12:29,--,15,13,-,"BIO_LS, BLG_LS, BST_LS, CAB_3T_LS, CAB_4T_LS, CAB_BG_LS, CAB_DL_LS, CAB_DS_LS, CAB_KA_LS, CAB_KE_LS, CAB_KL_LS, CAB_KM_LS, CAB_KO_LS, CAB_LS, CAB_ME_LS, CAB_NE_LS, CAB_TN_LS, CAB_UD_LS, CAB_VC_LS, CAB_VI_LS, CAB_VS_LS, CEB_LS, CEV_LS, CHZ_LS, DEN_LS, EHB_LS, ELE_LS, ELH_LS, ELK_LS, END_LS, ENT_LS, EUT_LS, FIZ_LS, GEM_LS, GEO_LS, GID_LS, HTA_LS, HTAE_LS, IBM_LS, ICM_LS, IML_LS, INS_LS, ISL_LS, JEF_LS, KIM_LS, KMM_LS, KMP_LS, KOM_LS, KON_LS, MAD_LS, MAK_LS, MAT_LS, MET_LS, MIM_LS, MTO_LS, MTR_LS, MUT_LS, MUZ_LS, MZT_LS, PEM_LS, PET_LS, PETE_LS, ROS_LS, ROSE_LS, SBP_LS, SECE_LS, SES_LS, SES_TH_LS, SES_TS_LS, TEB_LS, TEK_LS, TEL_LS, THO_LS, UCK_LS, UZB_LS, VBAE_LS",-,-
43,24281,BEB 122,Fiziksel Aktivite ve Egzersiz,Physical (Face to face),-,-,-,-/-,-,0,0,-,DUI_LS,-,-
